{"spot_diameter_fullres": 153.71611066032742, "tissue_hires_scalef": 0.11586143, "fiducial_diameter_fullres": 230.57416599049108, "tissue_lowres_scalef": 0.03475843}